{"cameraMode":{"drawMode":0,"name":"Shaded","section":"Shading Mode"},"sceneLighting":false,"audioPlay":false,"sceneViewState":{"showFog":true,"showMaterialUpdate":false,"showSkybox":false,"showFlares":true,"showImageEffects":true,"showParticleSystems":true},"in2DMode":false,"pivot":{"x":-59.53931427001953,"y":17.360671997070314,"z":141.48675537109376},"rotation":{"x":-0.12865231931209565,"y":0.720459520816803,"z":-0.13893279433250428,"w":-0.667151927947998},"size":159.33909606933595,"orthographic":false}